,Season,Team,Tournament,Apps,Mins,Assists,KeyP,AvgP,PS%,Crosses,LongB,ThrB,Rating,Jugador
0,2017/2018,Bayern Munich,GB,20(7),1824,12,1.9,32,76.3,0.8,1.1,-,7.28,Thomas Müller
1,2017/2018,Bayern Munich,UCL,7(2),644,2,1.2,27.7,73.5,0.8,0.8,-,7.02,Thomas Müller
2,2016/2017,Bayern Munich,GB,25(4),2265,12,2.1,36.5,76,0.6,0.9,-,7.30,Thomas Müller
3,2016/2017,Bayern Munich,UCL,5(4),463,-,0.6,22.7,78.4,-,0.4,-,6.72,Thomas Müller
4,2015/2016,Bayern Munich,GB,26(5),2345,5,1.9,34.1,77,0.2,0.9,-,7.50,Thomas Müller
5,2015/2016,Bayern Munich,UCL,9(3),926,2,1.6,31.2,81.8,0.6,0.5,0.1,7.19,Thomas Müller
6,2014/2015,Bayern Munich,GB,28(4),2374,10,1.3,30.4,72.4,0.4,0.6,0.1,7.27,Thomas Müller
7,2014/2015,Bayern Munich,UCL,10,778,3,1.9,30.6,74.5,0.5,0.3,-,7.59,Thomas Müller
8,2016,Germany,UEC,6,570,1,1.7,40.3,76.4,-,1.5,-,7.24,Thomas Müller
9,2013/2014,Bayern Munich,UCL,8(4),710,1,1.3,27.7,83.4,0.4,0.6,0.1,6.89,Thomas Müller
10,2013/2014,Bayern Munich,GB,25(6),2173,10,2,32.4,78.6,0.6,0.8,0.1,7.36,Thomas Müller
11,2014,Germany,WC,7,682,3,2.3,37.1,75.4,0.6,0.6,-,7.98,Thomas Müller
12,2012/2013,Bayern Munich,GB,25(3),2102,11,2,30.8,77.7,1.1,0.6,0.1,7.69,Thomas Müller
13,2012/2013,Bayern Munich,UCL,12(1),1047,2,1.2,31.2,72.6,0.2,0.8,0.2,7.53,Thomas Müller
14,2012,Germany,UEC,3(2),306,-,0.8,23.8,80.7,0.6,0.4,-,6.46,Thomas Müller
15,2011/2012,Bayern Munich,GB,33(1),2702,7,1.8,34.5,78.8,0.8,0.9,0.2,7.31,Thomas Müller
16,2011/2012,Bayern Munich,UCL,8(4),720,1,2.3,28.4,79.8,0.2,0.8,0.4,7.06,Thomas Müller
17,2010/2011,Bayern Munich,GB,32(2),2801,11,1.6,29,76.4,0.5,1.4,0.2,7.37,Thomas Müller
18,2010/2011,Bayern Munich,UCL,7(1),621,2,2.5,36,79.5,0.4,0.8,0.1,7.47,Thomas Müller
19,2009/2010,Bayern Munich,GB,29(5),2645,6,1.7,28.5,77,0.5,1,0.1,7.39,Thomas Müller
20,2009/2010,Bayern Munich,UCL,12,939,2,1.6,26.2,77.7,0.2,0.6,0.2,6.86,Thomas Müller
21,Total / Average,,,395,29637,103,1.7,31.3,77,0.5,0.8,0.1,7.32,Thomas Müller
0,2017/2018,Bayern Munich,GB,23(1),2033,1,0.3,77.4,87.5,0.1,6.1,-,7.31,Mats Hummels
1,2017/2018,Bayern Munich,UCL,7(1),589,-,0.3,58.3,85,-,3.3,-,7.11,Mats Hummels
2,2016/2017,Bayern Munich,GB,24(3),2181,1,0.4,76.9,88.8,0.1,2.8,-,7.32,Mats Hummels
3,2016/2017,Bayern Munich,UCL,7(2),681,-,0.3,65,89.1,-,3.4,0.1,7.02,Mats Hummels
4,2015/2016,Borussia Dort..,GB,29(1),2496,2,0.2,78.9,86.4,0.1,4.3,-,7.34,Mats Hummels
5,2015/2016,Borussia Dort..,UEL,10,829,1,0.6,89.3,89,0.1,5.5,0.2,7.45,Mats Hummels
6,2014/2015,Borussia Dort..,GB,23(1),2032,-,0.4,59,77.3,-,5.1,-,7.60,Mats Hummels
7,2014/2015,Borussia Dort..,UCL,3(1),257,-,0.3,33.3,79.7,-,5.8,-,6.81,Mats Hummels
8,2016,Germany,UEC,4,390,-,0.3,84.5,90.5,-,5,0.5,7.32,Mats Hummels
9,2013/2014,Borussia Dort..,UCL,6,496,-,-,49.7,82.2,-,4.2,-,7.62,Mats Hummels
10,2013/2014,Borussia Dort..,GB,23,1962,2,0.6,61.6,81.4,0.1,6.3,0.2,7.71,Mats Hummels
11,2014,Germany,WC,6,509,-,-,48.2,87.5,-,3,0.2,7.85,Mats Hummels
12,2012/2013,Borussia Dort..,GB,28,2376,3,0.6,53.3,83,-,5.7,0.1,7.40,Mats Hummels
13,2012/2013,Borussia Dort..,UCL,10(1),889,1,0.5,36.5,79.6,-,5,-,7.31,Mats Hummels
14,2012,Germany,UEC,5,450,-,-,52.2,91.2,-,2.6,-,7.42,Mats Hummels
15,2011/2012,Borussia Dort..,GB,33,2950,2,0.6,57.8,77.6,-,6.8,-,7.57,Mats Hummels
16,2011/2012,Borussia Dort..,UCL,6,540,-,0.3,61.8,73.9,-,7.7,0.3,7.01,Mats Hummels
17,2010/2011,Borussia Dort..,GB,32,2835,1,0.3,48.4,77.9,-,5,-,7.25,Mats Hummels
18,2009/2010,Borussia Dort..,GB,27(3),2522,1,0.4,41.8,75.1,0.1,4.5,0.1,7.35,Mats Hummels
19,Total / Average,,,320,27017,15,0.4,60.5,82.2,0,5,0.1,7.39,Mats Hummels
0,2017/2018,Real Madrid,SLL,23(1),2004,6,2.3,75.9,92.7,1.8,5.7,0.1,7.47,Toni Kroos
1,2017/2018,Real Madrid,UCL,8(2),773,1,2.4,73.1,94.3,1.4,6.6,0.1,7.12,Toni Kroos
2,2016/2017,Real Madrid,SLL,28(1),2501,12,2.8,71.4,92.2,1.6,8.1,0.1,7.67,Toni Kroos
3,2016/2017,Real Madrid,UCL,11(1),1027,1,2.8,71.5,93.4,1.9,7.3,0.1,7.25,Toni Kroos
4,2015/2016,Real Madrid,SLL,32,2745,10,1.8,75.8,93.9,1.2,7.3,0.1,7.33,Toni Kroos
5,2015/2016,Real Madrid,UCL,11(1),995,1,2.5,79.8,94.6,1.6,5.3,0.1,7.36,Toni Kroos
6,2014/2015,Real Madrid,SLL,36,3064,7,2,65.4,92.2,1.6,5.8,0.1,7.42,Toni Kroos
7,2014/2015,Real Madrid,UCL,11(1),969,3,1.8,71,95.1,1.3,9.8,0.2,7.33,Toni Kroos
8,2016,Germany,UEC,6,570,1,2.7,107,92.4,1.5,9.7,0.5,7.76,Toni Kroos
9,2013/2014,Bayern Munich,UCL,11(1),986,2,1.8,95.4,94.2,1.1,10.7,0.3,7.45,Toni Kroos
10,2013/2014,Bayern Munich,GB,24(5),2072,4,1.3,75.6,91.9,0.9,8.6,0.1,7.34,Toni Kroos
11,2014,Germany,WC,7,690,3,2,86.4,89.9,1.4,9.6,-,7.72,Toni Kroos
12,2012/2013,Bayern Munich,GB,23(1),1926,8,2.8,52.8,89.7,2.1,3.8,0.4,7.69,Toni Kroos
13,2012/2013,Bayern Munich,UCL,8(1),591,-,2.3,41.7,85.1,1.4,3.7,0.1,7.37,Toni Kroos
14,2012,Germany,UEC,1(3),108,-,0.5,18.8,88,0.5,1.8,-,6.36,Toni Kroos
15,2011/2012,Bayern Munich,GB,27(4),2357,9,1.9,56.7,87.6,0.9,6.4,0.2,7.52,Toni Kroos
16,2011/2012,Bayern Munich,UCL,12,1075,5,2.6,62.4,90.1,1.5,5.4,0.8,7.90,Toni Kroos
17,2010/2011,Bayern Munich,GB,19(8),1740,4,1.4,34.8,86.3,0.9,3.6,-,6.82,Toni Kroos
18,2010/2011,Bayern Munich,UCL,6(1),485,-,1.9,42.3,89.2,1,3.9,-,7.21,Toni Kroos
19,2009/2010,Bayer Leverku..,GB,26(7),2360,9,2.4,37.2,82.2,1.5,2.8,0.3,7.59,Toni Kroos
20,Total / Average,,,368,29038,86,2.1,63.4,90.4,1.4,6.1,0.2,7.42,Toni Kroos
0,2016/2017,Bayern Munich,GB,24(2),2090,2,1.5,73.3,90,0.7,2.1,-,7.14,Philipp Lahm
1,2016/2017,Bayern Munich,UCL,7,660,1,2.1,75.3,91.7,1.6,2,-,6.94,Philipp Lahm
2,2015/2016,Bayern Munich,GB,25(1),2200,1,1.9,76.5,90.8,0.3,3.2,0.1,7.09,Philipp Lahm
3,2015/2016,Bayern Munich,UCL,12,1110,-,2.4,79.5,91.1,0.8,2.3,0.2,7.09,Philipp Lahm
4,2014/2015,Bayern Munich,GB,17(3),1408,2,1.6,55.9,89,0.3,2.4,-,6.90,Philipp Lahm
5,2014/2015,Bayern Munich,UCL,8,696,1,1,70.1,89.3,0.5,1.3,0.1,6.80,Philipp Lahm
6,2013/2014,Bayern Munich,UCL,12,991,4,2.4,75.8,94.3,1.1,4,0.2,7.21,Philipp Lahm
7,2013/2014,Bayern Munich,GB,25(3),2340,4,1.2,79.5,91.7,0.6,5.1,0.2,7.22,Philipp Lahm
8,2014,Germany,WC,7,690,2,1.1,83.4,90.8,0.4,4,-,7.36,Philipp Lahm
9,2012/2013,Bayern Munich,GB,28(1),2504,11,1.4,65.4,89.7,1,5.5,0.2,7.41,Philipp Lahm
10,2012/2013,Bayern Munich,UCL,12,1067,4,1.8,58.3,86.3,1.2,3.3,-,7.34,Philipp Lahm
11,2012,Germany,UEC,5,450,-,1.2,63,92.1,-,3.8,-,6.91,Philipp Lahm
12,2011/2012,Bayern Munich,GB,31,2751,3,1,76.5,90.5,0.5,8,0.1,7.39,Philipp Lahm
13,2011/2012,Bayern Munich,UCL,12,1142,1,1.7,74.1,90.2,0.6,4,0.1,7.59,Philipp Lahm
14,2010/2011,Bayern Munich,GB,34,3060,2,0.7,59.7,87.9,0.6,6.8,-,6.89,Philipp Lahm
15,2010/2011,Bayern Munich,UCL,8,720,-,1.4,77.3,91.3,0.3,4.9,-,7.33,Philipp Lahm
16,2009/2010,Bayern Munich,GB,34,3060,6,1.3,60.5,89.1,1,6.9,0.1,7.16,Philipp Lahm
17,2009/2010,Bayern Munich,UCL,13,1170,1,1.6,62.2,87.9,0.6,4.7,0.1,7.00,Philipp Lahm
18,Total / Average,,,324,28109,45,1.4,69.3,89.9,0.7,4.7,0.1,7.16,Philipp Lahm
0,2017/2018,Bayern Munich,GB,3,270,-,-,28,84.5,-,8.7,-,6.73,Manuel Neuer
1,2017/2018,Bayern Munich,UCL,1,90,-,-,23,91.3,-,7,-,6.70,Manuel Neuer
2,2016/2017,Bayern Munich,GB,26,2340,-,-,26.5,80.9,-,5,-,6.65,Manuel Neuer
3,2016/2017,Bayern Munich,UCL,9,840,-,-,27.6,78.6,-,6.8,-,6.89,Manuel Neuer
4,2015/2016,Bayern Munich,GB,34,3021,-,-,32.7,80.8,-,5.3,-,6.72,Manuel Neuer
5,2015/2016,Bayern Munich,UCL,11,1020,-,-,31.5,81.5,-,5.5,-,6.89,Manuel Neuer
6,2014/2015,Bayern Munich,GB,31(1),2866,-,-,33,86.5,-,7.2,-,6.86,Manuel Neuer
7,2014/2015,Bayern Munich,UCL,12,1080,-,-,29.9,81.1,-,4.6,-,6.51,Manuel Neuer
8,2016,Germany,UEC,6,570,-,-,29,85.1,-,4.8,-,6.76,Manuel Neuer
9,2013/2014,Bayern Munich,UCL,12,1080,-,-,28.3,79.4,-,7.5,-,6.91,Manuel Neuer
10,2013/2014,Bayern Munich,GB,31,2746,-,-,31.2,88.3,-,7.5,-,7.05,Manuel Neuer
11,2014,Germany,WC,7,690,-,-,33,75.8,-,8.9,-,7.23,Manuel Neuer
12,2012/2013,Bayern Munich,GB,31,2790,-,-,26.7,74.9,-,7,-,6.86,Manuel Neuer
13,2012/2013,Bayern Munich,UCL,13,1170,-,-,25.1,67.2,-,7.8,-,6.65,Manuel Neuer
14,2012,Germany,UEC,5,450,-,-,18.2,68.1,-,3.2,-,6.58,Manuel Neuer
15,2011/2012,Bayern Munich,GB,33,2970,-,-,24.7,69.9,-,8,-,6.68,Manuel Neuer
16,2011/2012,Bayern Munich,UCL,12,1142,-,-,27.2,55.5,-,7.5,-,6.95,Manuel Neuer
17,2010/2011,Schalke 04,GB,34,3060,-,-,28.2,65.5,-,9.6,-,6.90,Manuel Neuer
18,2010/2011,Schalke 04,UCL,12,1080,-,0.2,25.3,49.7,-,8,-,7.16,Manuel Neuer
19,2009/2010,Schalke 04,GB,34,3060,-,0.1,22.7,65.2,-,9.5,-,6.80,Manuel Neuer
20,Total / Average,,,358,32335,0,0,28.1,74.9,0,7.2,0,6.83,Manuel Neuer
0,2017/2018,Juventus,ISA,3,248,-,0.7,69.7,92.8,0.7,1.3,-,7.19,Benedikt Höwedes
1,2016/2017,Schalke 04,GB,31,2790,1,0.2,53.8,86.3,-,4.1,-,7.16,Benedikt Höwedes
2,2016/2017,Schalke 04,UEL,11,1020,1,0.4,60.9,85.1,0.3,5.2,-,7.23,Benedikt Höwedes
3,2015/2016,Schalke 04,GB,10(5),896,-,0.3,33.9,86.8,0.1,1.9,-,6.73,Benedikt Höwedes
4,2015/2016,Schalke 04,UEL,3,259,-,-,68.7,86.9,-,3,-,6.97,Benedikt Höwedes
5,2014/2015,Schalke 04,GB,28,2487,-,0.3,43.7,85.1,-,1.6,-,7.16,Benedikt Höwedes
6,2014/2015,Schalke 04,UCL,6,540,-,0.3,53.5,91.6,-,3.3,-,7.09,Benedikt Höwedes
7,2016,Germany,UEC,4(2),423,-,0.2,41.7,86.8,0.3,1.5,-,6.67,Benedikt Höwedes
8,2013/2014,Schalke 04,UCL,8,629,1,0.4,43.6,89.1,-,3.5,-,6.84,Benedikt Höwedes
9,2013/2014,Schalke 04,GB,18(1),1515,-,0.3,41.6,86.2,-,3.5,-,6.87,Benedikt Höwedes
10,2014,Germany,WC,7,690,-,0.1,40,83.9,-,0.1,-,7.22,Benedikt Höwedes
11,2012/2013,Schalke 04,GB,32,2880,1,0.3,50.6,84.6,0.1,3.9,-,7.16,Benedikt Höwedes
12,2012/2013,Schalke 04,UCL,8,720,-,0.3,47.6,82.7,-,2.6,-,7.39,Benedikt Höwedes
13,2011/2012,Schalke 04,GB,21(1),1815,2,0.4,37,81.9,0.3,3.9,-,7.19,Benedikt Höwedes
14,2010/2011,Schalke 04,GB,30,2595,-,0.1,39,80.7,0.1,3.2,-,6.89,Benedikt Höwedes
15,2010/2011,Schalke 04,UCL,10,829,-,0.1,26.2,81.3,-,2.3,-,7.19,Benedikt Höwedes
16,2009/2010,Schalke 04,GB,32(1),2832,1,0.4,32.8,75,0.2,2.9,0.1,7.12,Benedikt Höwedes
17,Total / Average,,,272,23168,7,0.3,43.4,83.5,0.1,3.1,0,7.07,Benedikt Höwedes
0,2017/2018,Bayern Munich,GB,19,1644,2,0.7,74.2,86.9,0.3,8.6,0.1,7.16,Jérôme Boateng
1,2017/2018,Bayern Munich,UCL,8(1),677,1,0.4,50.3,84.5,-,3.7,0.3,6.78,Jérôme Boateng
2,2016/2017,Bayern Munich,GB,10(3),828,1,0.5,51.5,87.6,-,6,-,6.73,Jérôme Boateng
3,2016/2017,Bayern Munich,UCL,6,510,-,0.7,68.3,88.8,0.2,7.5,-,6.59,Jérôme Boateng
4,2015/2016,Bayern Munich,GB,17(2),1353,3,0.7,68.4,86.5,0.2,7.2,0.1,6.96,Jérôme Boateng
5,2015/2016,Bayern Munich,UCL,6(1),537,-,0.4,67.4,86.9,0.1,6,0.1,6.98,Jérôme Boateng
6,2014/2015,Bayern Munich,GB,25(2),2140,-,0.8,80.1,86.1,0.1,6.9,-,7.26,Jérôme Boateng
7,2014/2015,Bayern Munich,UCL,11,990,3,0.6,71.1,87.1,0.3,5.3,0.1,7.32,Jérôme Boateng
8,2016,Germany,UEC,6,508,-,0.7,78,86.8,-,11.5,0.2,7.10,Jérôme Boateng
9,2013/2014,Bayern Munich,UCL,9,762,-,0.2,59.6,87.7,-,5,-,6.69,Jérôme Boateng
10,2013/2014,Bayern Munich,GB,25,2169,1,0.6,78.7,87.3,0.2,9.4,-,7.28,Jérôme Boateng
11,2014,Germany,WC,7,647,-,0.3,55.9,82.9,0.4,4.4,-,7.21,Jérôme Boateng
12,2012/2013,Bayern Munich,GB,25(1),2245,2,0.3,66.7,88.4,0.1,7.2,0.1,7.17,Jérôme Boateng
13,2012/2013,Bayern Munich,UCL,8(1),735,-,-,46.7,86.4,-,6.1,-,6.99,Jérôme Boateng
14,2012,Germany,UEC,4,341,1,1.8,42.8,87.1,1.3,3.3,-,7.10,Jérôme Boateng
15,2011/2012,Bayern Munich,GB,26(1),2183,1,0.1,57,87.2,0.2,4.9,-,7.14,Jérôme Boateng
16,2011/2012,Bayern Munich,UCL,13,1232,1,0.2,48.1,86.9,0.1,4.1,-,7.10,Jérôme Boateng
17,2010/2011,Manchester Ci..,EPL,14(2),1239,-,0.5,34.4,78.6,0.3,1.3,0.2,6.91,Jérôme Boateng
18,2009/2010,Hamburger SV,GB,26(1),2156,1,0.7,50.1,78.4,0.3,6.5,-,6.91,Jérôme Boateng
19,Total / Average,,,280,22896,17,0.5,62.2,85.6,0.2,6.3,0.1,7.06,Jérôme Boateng
0,2017/2018,Arsenal,UEL,6,519,4,4.3,72,86.6,1.2,2.7,0.8,7.85,Mesut Özil
1,2017/2018,Arsenal,EPL,24(2),2164,8,3.2,69.6,86.5,1,2.2,0.3,7.25,Mesut Özil
2,2016/2017,Arsenal,UCL,7(1),627,3,1.8,49.6,84.6,1,1.1,0.5,7.37,Mesut Özil
3,2016/2017,Arsenal,EPL,32(1),2848,9,3,63.9,86.6,1.8,1.7,0.1,7.30,Mesut Özil
4,2015/2016,Arsenal,UCL,8,720,-,2,56.6,82.8,1.8,1,-,7.03,Mesut Özil
5,2015/2016,Arsenal,EPL,35,3049,19,4.2,65.1,86.3,2.6,1.5,0.5,7.66,Mesut Özil
6,2014/2015,Arsenal,UCL,4,319,1,2.3,64,86.7,0.5,1.5,0.3,6.80,Mesut Özil
7,2014/2015,Arsenal,EPL,21(1),1860,5,3.1,63.6,88.3,1.8,0.9,0.2,7.57,Mesut Özil
8,2016,Germany,UEC,6,570,1,3,69.3,89.2,1,1.2,0.5,7.45,Mesut Özil
9,2013/2014,Real Madrid,SLL,2,134,-,5,36,83.3,2.5,0.5,-,7.18,Mesut Özil
10,2013/2014,Arsenal,UCL,8,668,2,2.4,49.5,84.3,1.1,0.8,0.1,6.83,Mesut Özil
11,2013/2014,Arsenal,EPL,25(1),2150,9,2.9,63,88,1.4,1.5,0.4,7.27,Mesut Özil
12,2014,Germany,WC,7,655,1,2.4,52.3,86.9,0.6,1,0.3,7.17,Mesut Özil
13,2012/2013,Real Madrid,SLL,23(9),2042,13,2.8,36.9,84.2,1.3,1.3,0.5,7.39,Mesut Özil
14,2012/2013,Real Madrid,UCL,8(2),723,4,2.9,44.3,86.5,1.2,1.3,0.4,6.97,Mesut Özil
15,2012,Germany,UEC,5,438,3,4.4,63.8,88.7,2,2.6,0.8,7.82,Mesut Özil
16,2011/2012,Real Madrid,SLL,30(5),2591,17,2.9,46.8,87.1,1.3,2.1,0.6,7.37,Mesut Özil
17,2011/2012,Real Madrid,UCL,10,810,3,3.1,48.8,85.9,1,2.7,0.6,7.48,Mesut Özil
18,2010/2011,Real Madrid,SLL,30(6),2571,17,3.3,40.1,85.4,1.5,1.7,0.4,7.44,Mesut Özil
19,2010/2011,Real Madrid,UCL,9(2),805,6,3.5,42.1,86.2,1,1.5,0.4,7.41,Mesut Özil
20,2009/2010,Werder Bremen,GB,29(2),2601,13,3,34.9,82.5,2.1,1.4,0.1,7.62,Mesut Özil
21,Total / Average,,,361,28864,138,3.1,52.9,86,1.5,1.6,0.4,7.40,Mesut Özil
0,2018,Chicago Fire,UMLS,5,450,2,1.4,57.2,83.6,0.4,6.4,-,7.51,Bastian Schweinsteiger
1,2017,Chicago Fire,UMLS,23(2),2019,2,1.4,69.2,86.5,0.3,8.3,0.2,7.13,Bastian Schweinsteiger
2,2016/2017,Manchester Un..,UEL,0(1),28,-,-,27,96.3,-,1,-,6.54,Bastian Schweinsteiger
3,2015/2016,Manchester Un..,UEL,0(2),31,-,0.5,17,88.2,0.5,2.5,-,6.29,Bastian Schweinsteiger
4,2015/2016,Manchester Un..,UCL,6,424,-,0.2,67,86.8,0.2,3.5,0.2,6.57,Bastian Schweinsteiger
5,2015/2016,Manchester Un..,EPL,13(5),1205,-,0.4,59.3,85.7,0.1,3.6,-,6.78,Bastian Schweinsteiger
6,2014/2015,Bayern Munich,GB,15(5),1362,4,1.6,63.7,87.7,0.1,3.4,-,7.40,Bastian Schweinsteiger
7,2014/2015,Bayern Munich,UCL,5(1),456,4,2.7,70.7,88,0.3,2.8,0.5,7.25,Bastian Schweinsteiger
8,2016,Germany,UEC,1(4),219,-,0.4,40,90,-,0.6,-,6.34,Bastian Schweinsteiger
9,2013/2014,Bayern Munich,UCL,7(1),589,-,1.4,74,90.7,0.4,3.8,0.1,7.16,Bastian Schweinsteiger
10,2013/2014,Bayern Munich,GB,22(1),1833,4,1,85,89.9,0.2,6.6,-,7.32,Bastian Schweinsteiger
11,2014,Germany,WC,5(1),505,-,0.8,71.5,89.5,0.2,4,0.2,7.03,Bastian Schweinsteiger
12,2012/2013,Bayern Munich,GB,27(1),2360,3,0.9,74,87.8,0.4,9.3,0.3,7.64,Bastian Schweinsteiger
13,2012/2013,Bayern Munich,UCL,11(1),940,4,1.3,62.4,87,0.7,6.1,0.2,7.73,Bastian Schweinsteiger
14,2012,Germany,UEC,5,450,2,1.2,83,89.9,0.4,3.4,0.4,7.17,Bastian Schweinsteiger
15,2011/2012,Bayern Munich,GB,18(4),1730,3,1.3,72.7,86.4,0.3,8.7,0.2,7.56,Bastian Schweinsteiger
16,2011/2012,Bayern Munich,UCL,7(2),666,2,1.7,62.2,87.1,-,5.7,0.1,7.04,Bastian Schweinsteiger
17,2010/2011,Bayern Munich,GB,31(1),2734,7,1.3,66.4,84.9,0.3,8.3,0.2,7.30,Bastian Schweinsteiger
18,2010/2011,Bayern Munich,UCL,7,606,2,2,84.3,92,0.1,12.4,0.3,7.80,Bastian Schweinsteiger
19,2009/2010,Bayern Munich,GB,33,2908,3,1.2,71.7,86,0.7,9.5,0.2,7.55,Bastian Schweinsteiger
20,2009/2010,Bayern Munich,UCL,12,1069,-,1.3,69.9,86.9,0.3,7.4,0.3,7.30,Bastian Schweinsteiger
21,Total / Average,,,285,22584,42,1.2,69.2,87.2,0.3,6.9,0.2,7.31,Bastian Schweinsteiger
0,2017/2018,Borussia Dort..,GB,17(4),1444,3,1.7,42.1,81,0.7,0.7,0.1,6.89,Mario Götze
1,2017/2018,Borussia Dort..,UEL,3(1),225,2,1.3,37.5,84,-,0.5,-,6.54,Mario Götze
2,2017/2018,Borussia Dort..,UCL,4(1),370,1,2.6,47.2,87.3,1.4,1,0.2,6.76,Mario Götze
3,2016/2017,Borussia Dort..,GB,9(2),763,1,1.3,35.4,82.5,0.5,0.6,-,6.70,Mario Götze
4,2016/2017,Borussia Dort..,UCL,4,292,1,2.5,42,85.1,-,0.5,-,7.21,Mario Götze
5,2015/2016,Bayern Munich,GB,11(3),957,4,1.3,37.6,86.9,0.3,0.4,0.1,7.18,Mario Götze
6,2015/2016,Bayern Munich,UCL,1(3),107,-,0.5,19,93.4,0.3,0.3,-,6.92,Mario Götze
7,2014/2015,Bayern Munich,GB,28(4),2249,2,1.4,40.3,86.2,0.4,0.7,-,7.19,Mario Götze
8,2014/2015,Bayern Munich,UCL,9(2),747,1,0.9,41,86.3,0.5,0.5,0.3,7.26,Mario Götze
9,2016,Germany,UEC,3(1),234,-,1.5,19.8,87.3,-,0.5,-,6.42,Mario Götze
10,2013/2014,Bayern Munich,UCL,6(5),528,1,1.5,33.5,92.7,0.5,0.1,0.1,7.02,Mario Götze
11,2013/2014,Bayern Munich,GB,20(7),1830,8,1.4,44,87.9,0.2,0.9,0.2,7.72,Mario Götze
12,2014,Germany,WC,3(3),258,-,0.3,21.7,83.8,0.3,0.3,0.2,7.00,Mario Götze
13,2012/2013,Borussia Dort..,GB,23(5),2038,9,2.3,35.4,83.4,0.8,1.5,0.3,7.81,Mario Götze
14,2012/2013,Borussia Dort..,UCL,11,887,5,1.7,39.9,82.9,0.8,1.1,0.5,7.37,Mario Götze
15,2012,Germany,UEC,0(1),10,-,-,11,100,-,-,-,5.96,Mario Götze
16,2011/2012,Borussia Dort..,GB,14(3),1192,5,2,32.6,78.4,1.5,1.1,-,7.77,Mario Götze
17,2011/2012,Borussia Dort..,UCL,6,404,2,2.2,32.3,78.4,1,0.7,0.3,6.91,Mario Götze
18,2010/2011,Borussia Dort..,GB,29(4),2549,11,2.5,33.4,79.8,1.1,0.9,0.2,7.38,Mario Götze
19,2009/2010,Borussia Dort..,GB,0(5),41,-,-,4.8,91.7,-,-,-,6.08,Mario Götze
20,Total / Average,,,255,17125,56,1.7,36.3,84.3,0.6,0.8,0.1,7.26,Mario Götze
0,2017/2018,Borussia Dort..,GB,10(5),1097,4,1.2,29.9,78.3,0.7,1.1,0.1,6.93,André Schürrle
1,2017/2018,Borussia Dort..,UEL,4,360,-,1,33.3,76.7,0.8,1.3,0.3,7.33,André Schürrle
2,2017/2018,Borussia Dort..,UCL,0(1),4,-,-,1,100,-,-,-,5.95,André Schürrle
3,2016/2017,Borussia Dort..,GB,8(7),745,2,1.1,16.7,72.1,0.5,0.4,-,6.89,André Schürrle
4,2016/2017,Borussia Dort..,UCL,1(5),188,-,0.3,12,81.9,0.5,0.2,-,6.60,André Schürrle
5,2015/2016,Wolfsburg,GB,21(8),1904,3,0.7,24.4,78.5,0.2,0.7,-,6.93,André Schürrle
6,2015/2016,Wolfsburg,UCL,6(4),599,-,0.5,18.8,73.9,0.1,0.9,-,6.78,André Schürrle
7,2014/2015,Wolfsburg,GB,7(7),659,2,0.4,18.7,77.9,0.1,0.8,0.1,6.60,André Schürrle
8,2014/2015,Chelsea,UCL,3(1),190,-,1.3,19.3,88.3,0.5,1,-,7.02,André Schürrle
9,2014/2015,Wolfsburg,UEL,4,251,-,0.5,27,80.6,-,1.8,-,6.63,André Schürrle
10,2014/2015,Chelsea,EPL,5(9),433,-,0.4,15.3,79,0.4,0.2,-,6.61,André Schürrle
11,2016,Germany,UEC,0(3),71,-,0.3,11.3,97.1,0.3,-,-,6.25,André Schürrle
12,2013/2014,Chelsea,UCL,5(5),500,-,0.7,20.6,83,0.4,0.7,-,6.85,André Schürrle
13,2013/2014,Chelsea,EPL,15(15),1327,2,1,17.2,82.6,0.6,0.4,-,6.88,André Schürrle
14,2014,Germany,WC,0(6),244,1,0.5,20,83.3,0.2,0.7,0.2,6.99,André Schürrle
15,2012/2013,Bayer Leverku..,GB,34,2830,7,1.2,27.1,78.5,0.5,1.1,0.2,7.67,André Schürrle
16,2012/2013,Bayer Leverku..,UEL,5(1),351,1,1,22.2,77.4,-,1,0.2,7.21,André Schürrle
17,2012,Germany,UEC,1(1),93,-,-,27.5,87.3,-,-,-,6.66,André Schürrle
18,2011/2012,Bayer Leverku..,GB,30(1),2632,4,1.4,28.8,80.7,0.5,1.1,0.2,7.37,André Schürrle
19,2011/2012,Bayer Leverku..,UCL,6(2),587,-,0.8,20.4,78.5,0.5,0.5,-,6.92,André Schürrle
20,2010/2011,Mainz 05,GB,26(7),2489,4,0.8,24.1,73.7,0.2,0.6,0.2,7.25,André Schürrle
21,2009/2010,Mainz 05,GB,25(8),2304,2,0.6,17.9,72.4,0.2,0.7,-,6.94,André Schürrle
22,Total / Average,,,312,19858,32,0.8,22.1,78.2,0.4,0.7,0.1,7.04,André Schürrle
0,2017/2018,Juventus,ISA,22(2),1771,2,0.7,37,86.8,0.1,1.4,-,6.91,Sami Khedira
1,2017/2018,Juventus,UCL,8,633,3,1,37.6,86.7,-,1,0.1,6.73,Sami Khedira
2,2016/2017,Juventus,ISA,31,2548,4,1,45.8,86.3,0.3,2.5,0.1,7.02,Sami Khedira
3,2016/2017,Juventus,UCL,11,895,-,0.4,44.4,86.3,0.3,1.7,-,6.59,Sami Khedira
4,2015/2016,Juventus,ISA,20,1542,4,0.7,39.3,85.2,0.2,1.1,-,7.01,Sami Khedira
5,2015/2016,Juventus,UCL,4,303,-,1,26.8,75.7,-,0.5,-,6.56,Sami Khedira
6,2014/2015,Real Madrid,SLL,3(8),296,-,0.4,17.3,85.3,0.1,0.1,-,6.30,Sami Khedira
7,2014/2015,Real Madrid,UCL,1(1),74,-,-,23.5,97.9,-,0.5,-,6.52,Sami Khedira
8,2016,Germany,UEC,5,341,-,0.4,55.8,87.1,-,3.4,-,6.95,Sami Khedira
9,2013/2014,Real Madrid,SLL,12(1),974,1,0.9,43.3,86.5,0.3,1.7,0.1,6.75,Sami Khedira
10,2013/2014,Real Madrid,UCL,5,404,-,0.2,51.8,89.2,-,2.8,-,6.85,Sami Khedira
11,2014,Germany,WC,4(1),376,1,1,45.4,85,0.2,0.8,-,6.99,Sami Khedira
12,2012/2013,Real Madrid,SLL,19(6),1744,2,0.8,34.8,81.7,0.1,1.1,0.2,6.85,Sami Khedira
13,2012/2013,Real Madrid,UCL,9(2),761,2,1.1,33.3,85.2,0.2,0.8,0.1,6.76,Sami Khedira
14,2012,Germany,UEC,5,450,-,0.8,62,88.1,0.6,3.2,0.4,6.77,Sami Khedira
15,2011/2012,Real Madrid,SLL,20(8),1880,2,0.5,36.5,87,-,1.4,0.1,6.85,Sami Khedira
16,2011/2012,Real Madrid,UCL,8,722,-,1,50.4,86.1,0.1,2.8,-,7.13,Sami Khedira
17,2010/2011,Real Madrid,SLL,20(5),1839,1,0.9,40.6,86.2,0.1,1.8,0.1,6.99,Sami Khedira
18,2010/2011,Real Madrid,UCL,8,670,1,1.1,53.3,89.2,0.1,1.4,-,7.16,Sami Khedira
19,2009/2010,VfB Stuttgart,GB,24(1),2104,5,1.4,40.8,79.8,0.2,1.7,0.2,7.08,Sami Khedira
20,2009/2010,VfB Stuttgart,UCL,5,420,2,1.6,44.4,82,0.6,2.4,-,6.58,Sami Khedira
21,Total / Average,,,279,20747,30,0.8,40.2,85.3,0.2,1.6,0.1,6.88,Sami Khedira
